len,img
2,https://raw.githubusercontent.com/charoy/citizensourcing/master/corpus/select/1/result0.jpg
2,https://raw.githubusercontent.com/charoy/citizensourcing/master/corpus/select/1/result1.jpg
2,https://raw.githubusercontent.com/charoy/citizensourcing/master/corpus/select/1/result2.jpg
2,https://raw.githubusercontent.com/charoy/citizensourcing/master/corpus/select/2/result0.jpg
2,https://raw.githubusercontent.com/charoy/citizensourcing/master/corpus/select/2/result1.jpg
2,https://raw.githubusercontent.com/charoy/citizensourcing/master/corpus/select/2/result2.jpg
2,https://raw.githubusercontent.com/charoy/citizensourcing/master/corpus/select/3/result0.jpg
2,https://raw.githubusercontent.com/charoy/citizensourcing/master/corpus/select/3/result1.jpg
2,https://raw.githubusercontent.com/charoy/citizensourcing/master/corpus/select/3/result2.jpg
2,https://raw.githubusercontent.com/charoy/citizensourcing/master/corpus/select/4/result0.jpg
2,https://raw.githubusercontent.com/charoy/citizensourcing/master/corpus/select/4/result1.jpg
2,https://raw.githubusercontent.com/charoy/citizensourcing/master/corpus/select/4/result2.jpg
2,https://raw.githubusercontent.com/charoy/citizensourcing/master/corpus/select/5/result0.jpg
2,https://raw.githubusercontent.com/charoy/citizensourcing/master/corpus/select/5/result1.jpg
2,https://raw.githubusercontent.com/charoy/citizensourcing/master/corpus/select/5/result2.jpg
2,https://raw.githubusercontent.com/charoy/citizensourcing/master/corpus/select/6/result0.jpg
2,https://raw.githubusercontent.com/charoy/citizensourcing/master/corpus/select/6/result1.jpg
2,https://raw.githubusercontent.com/charoy/citizensourcing/master/corpus/select/6/result2.jpg
2,https://raw.githubusercontent.com/charoy/citizensourcing/master/corpus/select/7/result0.jpg
2,https://raw.githubusercontent.com/charoy/citizensourcing/master/corpus/select/7/result1.jpg
2,https://raw.githubusercontent.com/charoy/citizensourcing/master/corpus/select/7/result2.jpg
