task__calibration,task__created,task__id,task__info,task__n_answers,task__priority_0,task__project_id,task__quorum,task__state,taskinfo__img
0,2015-07-13T18:11:20.126503,277,"{""img"": ""https://raw.githubusercontent.com/charoy/citizensourcing/master/corpus/assess/16118050309_4a409ba5c3_k.jpg""}",30,0.0,11,0,ongoing,https://raw.githubusercontent.com/charoy/citizensourcing/master/corpus/assess/16118050309_4a409ba5c3_k.jpg
0,2015-07-13T18:11:20.134187,278,"{""img"": ""https://raw.githubusercontent.com/charoy/citizensourcing/master/corpus/assess/5893901770_e4f2b5c732_b.jpg""}",30,0.0,11,0,ongoing,https://raw.githubusercontent.com/charoy/citizensourcing/master/corpus/assess/5893901770_e4f2b5c732_b.jpg
0,2015-07-13T18:11:20.139633,279,"{""img"": ""https://raw.githubusercontent.com/charoy/citizensourcing/master/corpus/assess/63121_4845157776476_887820614_n.jpg""}",30,0.0,11,0,ongoing,https://raw.githubusercontent.com/charoy/citizensourcing/master/corpus/assess/63121_4845157776476_887820614_n.jpg
0,2015-07-13T18:11:20.145159,280,"{""img"": ""https://raw.githubusercontent.com/charoy/citizensourcing/master/corpus/assess/8136704025_a2f4f4edce_o.jpg""}",30,0.0,11,0,ongoing,https://raw.githubusercontent.com/charoy/citizensourcing/master/corpus/assess/8136704025_a2f4f4edce_o.jpg
0,2015-07-13T18:11:20.150444,281,"{""img"": ""https://raw.githubusercontent.com/charoy/citizensourcing/master/corpus/assess/8140046221_2adb83eeae_k.jpg""}",30,0.0,11,0,ongoing,https://raw.githubusercontent.com/charoy/citizensourcing/master/corpus/assess/8140046221_2adb83eeae_k.jpg
0,2015-07-13T18:11:20.155941,282,"{""img"": ""https://raw.githubusercontent.com/charoy/citizensourcing/master/corpus/assess/8142199805_b1b53703e9_o.jpg""}",30,0.0,11,0,ongoing,https://raw.githubusercontent.com/charoy/citizensourcing/master/corpus/assess/8142199805_b1b53703e9_o.jpg
0,2015-07-13T18:11:20.161634,283,"{""img"": ""https://raw.githubusercontent.com/charoy/citizensourcing/master/corpus/assess/8142230438_a891ae6e05_o.jpg""}",30,0.0,11,0,ongoing,https://raw.githubusercontent.com/charoy/citizensourcing/master/corpus/assess/8142230438_a891ae6e05_o.jpg
0,2015-07-13T18:11:20.167593,284,"{""img"": ""https://raw.githubusercontent.com/charoy/citizensourcing/master/corpus/assess/8142232019_6141bb04c2_o.jpg""}",30,0.0,11,0,ongoing,https://raw.githubusercontent.com/charoy/citizensourcing/master/corpus/assess/8142232019_6141bb04c2_o.jpg
0,2015-07-13T18:11:20.173163,285,"{""img"": ""https://raw.githubusercontent.com/charoy/citizensourcing/master/corpus/assess/8142243179_67fa2f82be_o.jpg""}",30,0.0,11,0,ongoing,https://raw.githubusercontent.com/charoy/citizensourcing/master/corpus/assess/8142243179_67fa2f82be_o.jpg
0,2015-07-13T18:11:20.178511,286,"{""img"": ""https://raw.githubusercontent.com/charoy/citizensourcing/master/corpus/assess/8142246363_b8d69262b8_o.jpg""}",30,0.0,11,0,ongoing,https://raw.githubusercontent.com/charoy/citizensourcing/master/corpus/assess/8142246363_b8d69262b8_o.jpg
0,2015-07-13T18:11:20.183760,287,"{""img"": ""https://raw.githubusercontent.com/charoy/citizensourcing/master/corpus/assess/8142276678_7c75822123_o.jpg""}",30,0.0,11,0,ongoing,https://raw.githubusercontent.com/charoy/citizensourcing/master/corpus/assess/8142276678_7c75822123_o.jpg
0,2015-07-13T18:11:20.189205,288,"{""img"": ""https://raw.githubusercontent.com/charoy/citizensourcing/master/corpus/assess/8152197297_5e45bfef6e_k.jpg""}",30,0.0,11,0,ongoing,https://raw.githubusercontent.com/charoy/citizensourcing/master/corpus/assess/8152197297_5e45bfef6e_k.jpg
0,2015-07-13T18:11:20.194644,289,"{""img"": ""https://raw.githubusercontent.com/charoy/citizensourcing/master/corpus/assess/8194225217_4dcb098ca9_k.jpg""}",30,0.0,11,0,ongoing,https://raw.githubusercontent.com/charoy/citizensourcing/master/corpus/assess/8194225217_4dcb098ca9_k.jpg
0,2015-07-13T18:11:20.200096,290,"{""img"": ""https://raw.githubusercontent.com/charoy/citizensourcing/master/corpus/assess/8195314868_057f36e15a_k.jpg""}",30,0.0,11,0,ongoing,https://raw.githubusercontent.com/charoy/citizensourcing/master/corpus/assess/8195314868_057f36e15a_k.jpg
0,2015-07-13T18:11:20.205644,291,"{""img"": ""https://raw.githubusercontent.com/charoy/citizensourcing/master/corpus/assess/8232247479_afb11cbef9_k.jpg""}",30,0.0,11,0,ongoing,https://raw.githubusercontent.com/charoy/citizensourcing/master/corpus/assess/8232247479_afb11cbef9_k.jpg
0,2015-07-13T18:11:20.210885,292,"{""img"": ""https://raw.githubusercontent.com/charoy/citizensourcing/master/corpus/assess/8233311240_ffac57e265_k.jpg""}",30,0.0,11,0,ongoing,https://raw.githubusercontent.com/charoy/citizensourcing/master/corpus/assess/8233311240_ffac57e265_k.jpg
0,2015-07-13T18:11:20.216175,293,"{""img"": ""https://raw.githubusercontent.com/charoy/citizensourcing/master/corpus/assess/8454906456_cfdb59d5dd_k.jpg""}",30,0.0,11,0,ongoing,https://raw.githubusercontent.com/charoy/citizensourcing/master/corpus/assess/8454906456_cfdb59d5dd_k.jpg
0,2015-07-13T18:11:20.221577,294,"{""img"": ""https://raw.githubusercontent.com/charoy/citizensourcing/master/corpus/assess/8650191015_28a516557c_k.jpg""}",30,0.0,11,0,ongoing,https://raw.githubusercontent.com/charoy/citizensourcing/master/corpus/assess/8650191015_28a516557c_k.jpg
0,2015-07-13T18:11:20.227733,295,"{""img"": ""https://raw.githubusercontent.com/charoy/citizensourcing/master/corpus/assess/9495240903_25b34862a6_k.jpg""}",30,0.0,11,0,ongoing,https://raw.githubusercontent.com/charoy/citizensourcing/master/corpus/assess/9495240903_25b34862a6_k.jpg
0,2015-07-13T18:11:20.233770,296,"{""img"": ""https://raw.githubusercontent.com/charoy/citizensourcing/master/corpus/assess/anchor1.jpg""}",30,0.0,11,0,ongoing,https://raw.githubusercontent.com/charoy/citizensourcing/master/corpus/assess/anchor1.jpg
0,2015-07-13T18:11:20.239395,297,"{""img"": ""https://raw.githubusercontent.com/charoy/citizensourcing/master/corpus/assess/anchor2.jpg""}",30,0.0,11,0,ongoing,https://raw.githubusercontent.com/charoy/citizensourcing/master/corpus/assess/anchor2.jpg
0,2015-07-13T18:11:20.245018,298,"{""img"": ""https://raw.githubusercontent.com/charoy/citizensourcing/master/corpus/assess/day2-10618758055.jpg""}",30,0.0,11,0,ongoing,https://raw.githubusercontent.com/charoy/citizensourcing/master/corpus/assess/day2-10618758055.jpg
0,2015-07-13T18:11:20.250506,299,"{""img"": ""https://raw.githubusercontent.com/charoy/citizensourcing/master/corpus/assess/day2-8138641383.jpg""}",30,0.0,11,0,ongoing,https://raw.githubusercontent.com/charoy/citizensourcing/master/corpus/assess/day2-8138641383.jpg
0,2015-07-13T18:11:20.256014,300,"{""img"": ""https://raw.githubusercontent.com/charoy/citizensourcing/master/corpus/assess/day2-8138641573.jpg""}",30,0.0,11,0,ongoing,https://raw.githubusercontent.com/charoy/citizensourcing/master/corpus/assess/day2-8138641573.jpg
0,2015-07-13T18:11:20.262716,301,"{""img"": ""https://raw.githubusercontent.com/charoy/citizensourcing/master/corpus/assess/day2-8138641657.jpg""}",30,0.0,11,0,ongoing,https://raw.githubusercontent.com/charoy/citizensourcing/master/corpus/assess/day2-8138641657.jpg
0,2015-07-13T18:11:20.268731,302,"{""img"": ""https://raw.githubusercontent.com/charoy/citizensourcing/master/corpus/assess/day2-8138642927.jpg""}",30,0.0,11,0,ongoing,https://raw.githubusercontent.com/charoy/citizensourcing/master/corpus/assess/day2-8138642927.jpg
0,2015-07-13T18:11:20.274779,303,"{""img"": ""https://raw.githubusercontent.com/charoy/citizensourcing/master/corpus/assess/day2-8138647353.jpg""}",30,0.0,11,0,ongoing,https://raw.githubusercontent.com/charoy/citizensourcing/master/corpus/assess/day2-8138647353.jpg
0,2015-07-13T18:11:20.280192,304,"{""img"": ""https://raw.githubusercontent.com/charoy/citizensourcing/master/corpus/assess/day2-8138648391.jpg""}",30,0.0,11,0,ongoing,https://raw.githubusercontent.com/charoy/citizensourcing/master/corpus/assess/day2-8138648391.jpg
0,2015-07-13T18:11:20.285481,305,"{""img"": ""https://raw.githubusercontent.com/charoy/citizensourcing/master/corpus/assess/day2-8138649371.jpg""}",30,0.0,11,0,ongoing,https://raw.githubusercontent.com/charoy/citizensourcing/master/corpus/assess/day2-8138649371.jpg
0,2015-07-13T18:11:20.290984,306,"{""img"": ""https://raw.githubusercontent.com/charoy/citizensourcing/master/corpus/assess/day2-8138672558.jpg""}",30,0.0,11,0,ongoing,https://raw.githubusercontent.com/charoy/citizensourcing/master/corpus/assess/day2-8138672558.jpg
0,2015-07-13T18:11:20.296534,307,"{""img"": ""https://raw.githubusercontent.com/charoy/citizensourcing/master/corpus/assess/day2-8138677488.jpg""}",30,0.0,11,0,ongoing,https://raw.githubusercontent.com/charoy/citizensourcing/master/corpus/assess/day2-8138677488.jpg
0,2015-07-13T18:11:20.302093,308,"{""img"": ""https://raw.githubusercontent.com/charoy/citizensourcing/master/corpus/assess/day2-8138703687.jpg""}",30,0.0,11,0,ongoing,https://raw.githubusercontent.com/charoy/citizensourcing/master/corpus/assess/day2-8138703687.jpg
0,2015-07-13T18:11:20.307828,309,"{""img"": ""https://raw.githubusercontent.com/charoy/citizensourcing/master/corpus/assess/day2-8138710809.jpg""}",30,0.0,11,0,ongoing,https://raw.githubusercontent.com/charoy/citizensourcing/master/corpus/assess/day2-8138710809.jpg
0,2015-07-13T18:11:20.313283,310,"{""img"": ""https://raw.githubusercontent.com/charoy/citizensourcing/master/corpus/assess/day2-8138712809.jpg""}",30,0.0,11,0,ongoing,https://raw.githubusercontent.com/charoy/citizensourcing/master/corpus/assess/day2-8138712809.jpg
0,2015-07-13T18:11:20.318767,311,"{""img"": ""https://raw.githubusercontent.com/charoy/citizensourcing/master/corpus/assess/day2-8138712849.jpg""}",30,0.0,11,0,ongoing,https://raw.githubusercontent.com/charoy/citizensourcing/master/corpus/assess/day2-8138712849.jpg
0,2015-07-13T18:11:20.324254,312,"{""img"": ""https://raw.githubusercontent.com/charoy/citizensourcing/master/corpus/assess/day2-8138717317.jpg""}",30,0.0,11,0,ongoing,https://raw.githubusercontent.com/charoy/citizensourcing/master/corpus/assess/day2-8138717317.jpg
0,2015-07-13T18:11:20.329663,313,"{""img"": ""https://raw.githubusercontent.com/charoy/citizensourcing/master/corpus/assess/day2-8138724725.jpg""}",30,0.0,11,0,ongoing,https://raw.githubusercontent.com/charoy/citizensourcing/master/corpus/assess/day2-8138724725.jpg
0,2015-07-13T18:11:20.335442,314,"{""img"": ""https://raw.githubusercontent.com/charoy/citizensourcing/master/corpus/assess/day2-8138739580.jpg""}",30,0.0,11,0,ongoing,https://raw.githubusercontent.com/charoy/citizensourcing/master/corpus/assess/day2-8138739580.jpg
0,2015-07-13T18:11:20.341411,315,"{""img"": ""https://raw.githubusercontent.com/charoy/citizensourcing/master/corpus/assess/day2-8138746772.jpg""}",30,0.0,11,0,ongoing,https://raw.githubusercontent.com/charoy/citizensourcing/master/corpus/assess/day2-8138746772.jpg
0,2015-07-13T18:11:20.347305,316,"{""img"": ""https://raw.githubusercontent.com/charoy/citizensourcing/master/corpus/assess/day2-8138748936.jpg""}",30,0.0,11,0,ongoing,https://raw.githubusercontent.com/charoy/citizensourcing/master/corpus/assess/day2-8138748936.jpg
0,2015-07-13T18:11:20.352804,317,"{""img"": ""https://raw.githubusercontent.com/charoy/citizensourcing/master/corpus/assess/day2-8138776965.jpg""}",30,0.0,11,0,ongoing,https://raw.githubusercontent.com/charoy/citizensourcing/master/corpus/assess/day2-8138776965.jpg
0,2015-07-13T18:11:20.358171,318,"{""img"": ""https://raw.githubusercontent.com/charoy/citizensourcing/master/corpus/assess/day2-8138777289.jpg""}",30,0.0,11,0,ongoing,https://raw.githubusercontent.com/charoy/citizensourcing/master/corpus/assess/day2-8138777289.jpg
0,2015-07-13T18:11:20.364293,319,"{""img"": ""https://raw.githubusercontent.com/charoy/citizensourcing/master/corpus/assess/day2-8138777573.jpg""}",30,0.0,11,0,ongoing,https://raw.githubusercontent.com/charoy/citizensourcing/master/corpus/assess/day2-8138777573.jpg
0,2015-07-13T18:11:20.369589,320,"{""img"": ""https://raw.githubusercontent.com/charoy/citizensourcing/master/corpus/assess/day2-8138783005.jpg""}",30,0.0,11,0,ongoing,https://raw.githubusercontent.com/charoy/citizensourcing/master/corpus/assess/day2-8138783005.jpg
0,2015-07-13T18:11:20.374938,321,"{""img"": ""https://raw.githubusercontent.com/charoy/citizensourcing/master/corpus/assess/day2-8138799659.jpg""}",30,0.0,11,0,ongoing,https://raw.githubusercontent.com/charoy/citizensourcing/master/corpus/assess/day2-8138799659.jpg
0,2015-07-13T18:11:20.380592,322,"{""img"": ""https://raw.githubusercontent.com/charoy/citizensourcing/master/corpus/assess/day2-8138811809.jpg""}",30,0.0,11,0,ongoing,https://raw.githubusercontent.com/charoy/citizensourcing/master/corpus/assess/day2-8138811809.jpg
0,2015-07-13T18:11:20.386059,323,"{""img"": ""https://raw.githubusercontent.com/charoy/citizensourcing/master/corpus/assess/day2-8138812137.jpg""}",30,0.0,11,0,ongoing,https://raw.githubusercontent.com/charoy/citizensourcing/master/corpus/assess/day2-8138812137.jpg
0,2015-07-13T18:11:20.392643,324,"{""img"": ""https://raw.githubusercontent.com/charoy/citizensourcing/master/corpus/assess/day2-8138815395.jpg""}",30,0.0,11,0,ongoing,https://raw.githubusercontent.com/charoy/citizensourcing/master/corpus/assess/day2-8138815395.jpg
0,2015-07-13T18:11:20.398024,325,"{""img"": ""https://raw.githubusercontent.com/charoy/citizensourcing/master/corpus/assess/day2-8138844800.jpg""}",30,0.0,11,0,ongoing,https://raw.githubusercontent.com/charoy/citizensourcing/master/corpus/assess/day2-8138844800.jpg
0,2015-07-13T18:11:20.403690,326,"{""img"": ""https://raw.githubusercontent.com/charoy/citizensourcing/master/corpus/assess/day2-8138884827.jpg""}",30,0.0,11,0,ongoing,https://raw.githubusercontent.com/charoy/citizensourcing/master/corpus/assess/day2-8138884827.jpg
0,2015-07-13T18:11:20.409212,327,"{""img"": ""https://raw.githubusercontent.com/charoy/citizensourcing/master/corpus/assess/day2-8138908973.jpg""}",30,0.0,11,0,ongoing,https://raw.githubusercontent.com/charoy/citizensourcing/master/corpus/assess/day2-8138908973.jpg
0,2015-07-13T18:11:20.414760,328,"{""img"": ""https://raw.githubusercontent.com/charoy/citizensourcing/master/corpus/assess/day2-8139022407.jpg""}",30,0.0,11,0,ongoing,https://raw.githubusercontent.com/charoy/citizensourcing/master/corpus/assess/day2-8139022407.jpg
0,2015-07-13T18:11:20.420200,329,"{""img"": ""https://raw.githubusercontent.com/charoy/citizensourcing/master/corpus/assess/day2-8139032633 - Copie.jpg""}",30,0.0,11,0,ongoing,https://raw.githubusercontent.com/charoy/citizensourcing/master/corpus/assess/day2-8139032633 - Copie.jpg
0,2015-07-13T18:11:20.426231,330,"{""img"": ""https://raw.githubusercontent.com/charoy/citizensourcing/master/corpus/assess/day2-8139064149.jpg""}",30,0.0,11,0,ongoing,https://raw.githubusercontent.com/charoy/citizensourcing/master/corpus/assess/day2-8139064149.jpg
0,2015-07-13T18:11:20.431735,331,"{""img"": ""https://raw.githubusercontent.com/charoy/citizensourcing/master/corpus/assess/day2-8139064633 - Copie.jpg""}",30,0.0,11,0,ongoing,https://raw.githubusercontent.com/charoy/citizensourcing/master/corpus/assess/day2-8139064633 - Copie.jpg
0,2015-07-13T18:11:20.437464,332,"{""img"": ""https://raw.githubusercontent.com/charoy/citizensourcing/master/corpus/assess/day2-8139064633.jpg""}",30,0.0,11,0,ongoing,https://raw.githubusercontent.com/charoy/citizensourcing/master/corpus/assess/day2-8139064633.jpg
0,2015-07-13T18:11:20.442966,333,"{""img"": ""https://raw.githubusercontent.com/charoy/citizensourcing/master/corpus/assess/day2-8139076890.jpg""}",30,0.0,11,0,ongoing,https://raw.githubusercontent.com/charoy/citizensourcing/master/corpus/assess/day2-8139076890.jpg
0,2015-07-13T18:11:20.448531,334,"{""img"": ""https://raw.githubusercontent.com/charoy/citizensourcing/master/corpus/assess/day2-8139082477.jpg""}",30,0.0,11,0,ongoing,https://raw.githubusercontent.com/charoy/citizensourcing/master/corpus/assess/day2-8139082477.jpg
0,2015-07-13T18:11:20.454573,335,"{""img"": ""https://raw.githubusercontent.com/charoy/citizensourcing/master/corpus/assess/day2-8139090759.jpg""}",30,0.0,11,0,ongoing,https://raw.githubusercontent.com/charoy/citizensourcing/master/corpus/assess/day2-8139090759.jpg
0,2015-07-13T18:11:20.460216,336,"{""img"": ""https://raw.githubusercontent.com/charoy/citizensourcing/master/corpus/assess/day2-8139094523.jpg""}",30,0.0,11,0,ongoing,https://raw.githubusercontent.com/charoy/citizensourcing/master/corpus/assess/day2-8139094523.jpg
0,2015-07-13T18:11:20.465924,337,"{""img"": ""https://raw.githubusercontent.com/charoy/citizensourcing/master/corpus/assess/day2-8139111829.jpg""}",30,0.0,11,0,ongoing,https://raw.githubusercontent.com/charoy/citizensourcing/master/corpus/assess/day2-8139111829.jpg
0,2015-07-13T18:11:20.471216,338,"{""img"": ""https://raw.githubusercontent.com/charoy/citizensourcing/master/corpus/assess/day2-8139120075.jpg""}",30,0.0,11,0,ongoing,https://raw.githubusercontent.com/charoy/citizensourcing/master/corpus/assess/day2-8139120075.jpg
0,2015-07-13T18:11:20.476704,339,"{""img"": ""https://raw.githubusercontent.com/charoy/citizensourcing/master/corpus/assess/day2-8139121925.jpg""}",30,0.0,11,0,ongoing,https://raw.githubusercontent.com/charoy/citizensourcing/master/corpus/assess/day2-8139121925.jpg
0,2015-07-13T18:11:20.481949,340,"{""img"": ""https://raw.githubusercontent.com/charoy/citizensourcing/master/corpus/assess/day2-8139128319.jpg""}",30,0.0,11,0,ongoing,https://raw.githubusercontent.com/charoy/citizensourcing/master/corpus/assess/day2-8139128319.jpg
0,2015-07-13T18:11:20.487380,341,"{""img"": ""https://raw.githubusercontent.com/charoy/citizensourcing/master/corpus/assess/day2-8139138559.jpg""}",30,0.0,11,0,ongoing,https://raw.githubusercontent.com/charoy/citizensourcing/master/corpus/assess/day2-8139138559.jpg
0,2015-07-13T18:11:20.492769,342,"{""img"": ""https://raw.githubusercontent.com/charoy/citizensourcing/master/corpus/assess/day2-8139143772.jpg""}",30,0.0,11,0,ongoing,https://raw.githubusercontent.com/charoy/citizensourcing/master/corpus/assess/day2-8139143772.jpg
0,2015-07-13T18:11:20.498024,343,"{""img"": ""https://raw.githubusercontent.com/charoy/citizensourcing/master/corpus/assess/day2-8139149874.jpg""}",30,0.0,11,0,ongoing,https://raw.githubusercontent.com/charoy/citizensourcing/master/corpus/assess/day2-8139149874.jpg
0,2015-07-13T18:11:20.503257,344,"{""img"": ""https://raw.githubusercontent.com/charoy/citizensourcing/master/corpus/assess/day2-8139161896.jpg""}",30,0.0,11,0,ongoing,https://raw.githubusercontent.com/charoy/citizensourcing/master/corpus/assess/day2-8139161896.jpg
0,2015-07-13T18:11:20.509629,345,"{""img"": ""https://raw.githubusercontent.com/charoy/citizensourcing/master/corpus/assess/day2-8139164394.jpg""}",30,0.0,11,0,ongoing,https://raw.githubusercontent.com/charoy/citizensourcing/master/corpus/assess/day2-8139164394.jpg
0,2015-07-13T18:11:20.514846,346,"{""img"": ""https://raw.githubusercontent.com/charoy/citizensourcing/master/corpus/assess/day2-8139165804.jpg""}",30,0.0,11,0,ongoing,https://raw.githubusercontent.com/charoy/citizensourcing/master/corpus/assess/day2-8139165804.jpg
0,2015-07-13T18:11:20.520075,347,"{""img"": ""https://raw.githubusercontent.com/charoy/citizensourcing/master/corpus/assess/day2-8139372205.jpg""}",30,0.0,11,0,ongoing,https://raw.githubusercontent.com/charoy/citizensourcing/master/corpus/assess/day2-8139372205.jpg
0,2015-07-13T18:11:20.525638,348,"{""img"": ""https://raw.githubusercontent.com/charoy/citizensourcing/master/corpus/assess/day2-8139384355.jpg""}",30,0.0,11,0,ongoing,https://raw.githubusercontent.com/charoy/citizensourcing/master/corpus/assess/day2-8139384355.jpg
0,2015-07-13T18:11:20.530951,349,"{""img"": ""https://raw.githubusercontent.com/charoy/citizensourcing/master/corpus/assess/day2-8139385167.jpg""}",30,0.0,11,0,ongoing,https://raw.githubusercontent.com/charoy/citizensourcing/master/corpus/assess/day2-8139385167.jpg
0,2015-07-13T18:11:20.536044,350,"{""img"": ""https://raw.githubusercontent.com/charoy/citizensourcing/master/corpus/assess/day2-8139399535.jpg""}",30,0.0,11,0,ongoing,https://raw.githubusercontent.com/charoy/citizensourcing/master/corpus/assess/day2-8139399535.jpg
0,2015-07-13T18:11:20.541397,351,"{""img"": ""https://raw.githubusercontent.com/charoy/citizensourcing/master/corpus/assess/day2-8139406056.jpg""}",30,0.0,11,0,ongoing,https://raw.githubusercontent.com/charoy/citizensourcing/master/corpus/assess/day2-8139406056.jpg
0,2015-07-13T18:11:20.546777,352,"{""img"": ""https://raw.githubusercontent.com/charoy/citizensourcing/master/corpus/assess/day2-8139412290.jpg""}",30,0.0,11,0,ongoing,https://raw.githubusercontent.com/charoy/citizensourcing/master/corpus/assess/day2-8139412290.jpg
0,2015-07-13T18:11:20.551995,353,"{""img"": ""https://raw.githubusercontent.com/charoy/citizensourcing/master/corpus/assess/day2-8139413544.jpg""}",30,0.0,11,0,ongoing,https://raw.githubusercontent.com/charoy/citizensourcing/master/corpus/assess/day2-8139413544.jpg
0,2015-07-13T18:11:20.557186,354,"{""img"": ""https://raw.githubusercontent.com/charoy/citizensourcing/master/corpus/assess/day2-8139422376.jpg""}",30,0.0,11,0,ongoing,https://raw.githubusercontent.com/charoy/citizensourcing/master/corpus/assess/day2-8139422376.jpg
0,2015-07-13T18:11:20.562426,355,"{""img"": ""https://raw.githubusercontent.com/charoy/citizensourcing/master/corpus/assess/day2-8139452416.jpg""}",30,0.0,11,0,ongoing,https://raw.githubusercontent.com/charoy/citizensourcing/master/corpus/assess/day2-8139452416.jpg
0,2015-07-13T18:11:20.568078,356,"{""img"": ""https://raw.githubusercontent.com/charoy/citizensourcing/master/corpus/assess/day2-8139455308.jpg""}",30,0.0,11,0,ongoing,https://raw.githubusercontent.com/charoy/citizensourcing/master/corpus/assess/day2-8139455308.jpg
0,2015-07-13T18:11:20.573305,357,"{""img"": ""https://raw.githubusercontent.com/charoy/citizensourcing/master/corpus/assess/day2-8139460428.jpg""}",30,0.0,11,0,ongoing,https://raw.githubusercontent.com/charoy/citizensourcing/master/corpus/assess/day2-8139460428.jpg
0,2015-07-13T18:11:20.578550,358,"{""img"": ""https://raw.githubusercontent.com/charoy/citizensourcing/master/corpus/assess/day2-8139462296.jpg""}",30,0.0,11,0,ongoing,https://raw.githubusercontent.com/charoy/citizensourcing/master/corpus/assess/day2-8139462296.jpg
0,2015-07-13T18:11:20.584123,359,"{""img"": ""https://raw.githubusercontent.com/charoy/citizensourcing/master/corpus/assess/day2-8139467406.jpg""}",30,0.0,11,0,ongoing,https://raw.githubusercontent.com/charoy/citizensourcing/master/corpus/assess/day2-8139467406.jpg
0,2015-07-13T18:11:20.589436,360,"{""img"": ""https://raw.githubusercontent.com/charoy/citizensourcing/master/corpus/assess/day2-8139493622.jpg""}",30,0.0,11,0,ongoing,https://raw.githubusercontent.com/charoy/citizensourcing/master/corpus/assess/day2-8139493622.jpg
0,2015-07-13T18:11:20.594558,361,"{""img"": ""https://raw.githubusercontent.com/charoy/citizensourcing/master/corpus/assess/day2-8139515778.jpg""}",30,0.0,11,0,ongoing,https://raw.githubusercontent.com/charoy/citizensourcing/master/corpus/assess/day2-8139515778.jpg
0,2015-07-13T18:11:20.599672,362,"{""img"": ""https://raw.githubusercontent.com/charoy/citizensourcing/master/corpus/assess/day2-8139751335.jpg""}",30,0.0,11,0,ongoing,https://raw.githubusercontent.com/charoy/citizensourcing/master/corpus/assess/day2-8139751335.jpg
0,2015-07-13T18:11:20.605223,363,"{""img"": ""https://raw.githubusercontent.com/charoy/citizensourcing/master/corpus/assess/day2-8139751799.jpg""}",30,0.0,11,0,ongoing,https://raw.githubusercontent.com/charoy/citizensourcing/master/corpus/assess/day2-8139751799.jpg
0,2015-07-13T18:11:20.611332,364,"{""img"": ""https://raw.githubusercontent.com/charoy/citizensourcing/master/corpus/assess/day2-8139758929.jpg""}",30,0.0,11,0,ongoing,https://raw.githubusercontent.com/charoy/citizensourcing/master/corpus/assess/day2-8139758929.jpg
0,2015-07-13T18:11:20.616513,365,"{""img"": ""https://raw.githubusercontent.com/charoy/citizensourcing/master/corpus/assess/day2-8139760687.jpg""}",30,0.0,11,0,ongoing,https://raw.githubusercontent.com/charoy/citizensourcing/master/corpus/assess/day2-8139760687.jpg
0,2015-07-13T18:11:20.621929,366,"{""img"": ""https://raw.githubusercontent.com/charoy/citizensourcing/master/corpus/assess/day2-8139800854.jpg""}",30,0.0,11,0,ongoing,https://raw.githubusercontent.com/charoy/citizensourcing/master/corpus/assess/day2-8139800854.jpg
0,2015-07-13T18:11:20.627255,367,"{""img"": ""https://raw.githubusercontent.com/charoy/citizensourcing/master/corpus/assess/day2-8139801816.jpg""}",30,0.0,11,0,ongoing,https://raw.githubusercontent.com/charoy/citizensourcing/master/corpus/assess/day2-8139801816.jpg
0,2015-07-13T18:11:20.632616,368,"{""img"": ""https://raw.githubusercontent.com/charoy/citizensourcing/master/corpus/assess/day2-8139805181.jpg""}",30,0.0,11,0,ongoing,https://raw.githubusercontent.com/charoy/citizensourcing/master/corpus/assess/day2-8139805181.jpg
0,2015-07-13T18:11:20.637975,369,"{""img"": ""https://raw.githubusercontent.com/charoy/citizensourcing/master/corpus/assess/day2-8139805196.jpg""}",30,0.0,11,0,ongoing,https://raw.githubusercontent.com/charoy/citizensourcing/master/corpus/assess/day2-8139805196.jpg
0,2015-07-13T18:11:20.643899,370,"{""img"": ""https://raw.githubusercontent.com/charoy/citizensourcing/master/corpus/assess/day2-8139807855.jpg""}",30,0.0,11,0,ongoing,https://raw.githubusercontent.com/charoy/citizensourcing/master/corpus/assess/day2-8139807855.jpg
0,2015-07-13T18:11:20.648965,371,"{""img"": ""https://raw.githubusercontent.com/charoy/citizensourcing/master/corpus/assess/day2-8139822927.jpg""}",30,0.0,11,0,ongoing,https://raw.githubusercontent.com/charoy/citizensourcing/master/corpus/assess/day2-8139822927.jpg
0,2015-07-13T18:11:20.654238,372,"{""img"": ""https://raw.githubusercontent.com/charoy/citizensourcing/master/corpus/assess/day2-8139854879.jpg""}",30,0.0,11,0,ongoing,https://raw.githubusercontent.com/charoy/citizensourcing/master/corpus/assess/day2-8139854879.jpg
0,2015-07-13T18:11:20.659762,373,"{""img"": ""https://raw.githubusercontent.com/charoy/citizensourcing/master/corpus/assess/day2-8139865091.jpg""}",30,0.0,11,0,ongoing,https://raw.githubusercontent.com/charoy/citizensourcing/master/corpus/assess/day2-8139865091.jpg
0,2015-07-13T18:11:20.665019,374,"{""img"": ""https://raw.githubusercontent.com/charoy/citizensourcing/master/corpus/assess/day2-8139865449.jpg""}",30,0.0,11,0,ongoing,https://raw.githubusercontent.com/charoy/citizensourcing/master/corpus/assess/day2-8139865449.jpg
0,2015-07-13T18:11:20.670446,375,"{""img"": ""https://raw.githubusercontent.com/charoy/citizensourcing/master/corpus/assess/day2-8139869208.jpg""}",30,0.0,11,0,ongoing,https://raw.githubusercontent.com/charoy/citizensourcing/master/corpus/assess/day2-8139869208.jpg
0,2015-07-13T18:11:20.675665,376,"{""img"": ""https://raw.githubusercontent.com/charoy/citizensourcing/master/corpus/assess/day2-8139873978.jpg""}",30,0.0,11,0,ongoing,https://raw.githubusercontent.com/charoy/citizensourcing/master/corpus/assess/day2-8139873978.jpg
0,2015-07-13T18:11:20.681138,377,"{""img"": ""https://raw.githubusercontent.com/charoy/citizensourcing/master/corpus/assess/day2-8139875408.jpg""}",30,0.0,11,0,ongoing,https://raw.githubusercontent.com/charoy/citizensourcing/master/corpus/assess/day2-8139875408.jpg
0,2015-07-13T18:11:20.686391,378,"{""img"": ""https://raw.githubusercontent.com/charoy/citizensourcing/master/corpus/assess/day2-8139887482.jpg""}",30,0.0,11,0,ongoing,https://raw.githubusercontent.com/charoy/citizensourcing/master/corpus/assess/day2-8139887482.jpg
0,2015-07-13T18:11:20.691987,379,"{""img"": ""https://raw.githubusercontent.com/charoy/citizensourcing/master/corpus/assess/day2-8140001133.jpg""}",30,0.0,11,0,ongoing,https://raw.githubusercontent.com/charoy/citizensourcing/master/corpus/assess/day2-8140001133.jpg
0,2015-07-13T18:11:20.699846,380,"{""img"": ""https://raw.githubusercontent.com/charoy/citizensourcing/master/corpus/assess/day2-8140145666.jpg""}",30,0.0,11,0,ongoing,https://raw.githubusercontent.com/charoy/citizensourcing/master/corpus/assess/day2-8140145666.jpg
0,2015-07-13T18:11:20.705276,381,"{""img"": ""https://raw.githubusercontent.com/charoy/citizensourcing/master/corpus/assess/day2-8140146722.jpg""}",30,0.0,11,0,ongoing,https://raw.githubusercontent.com/charoy/citizensourcing/master/corpus/assess/day2-8140146722.jpg
0,2015-07-13T18:11:20.710919,382,"{""img"": ""https://raw.githubusercontent.com/charoy/citizensourcing/master/corpus/assess/day2-8140515426.jpg""}",30,0.0,11,0,ongoing,https://raw.githubusercontent.com/charoy/citizensourcing/master/corpus/assess/day2-8140515426.jpg
0,2015-07-13T18:11:20.716105,383,"{""img"": ""https://raw.githubusercontent.com/charoy/citizensourcing/master/corpus/assess/day2-8140524015.jpg""}",30,0.0,11,0,ongoing,https://raw.githubusercontent.com/charoy/citizensourcing/master/corpus/assess/day2-8140524015.jpg
0,2015-07-13T18:11:20.721666,384,"{""img"": ""https://raw.githubusercontent.com/charoy/citizensourcing/master/corpus/assess/day2-8140526305.jpg""}",30,0.0,11,0,ongoing,https://raw.githubusercontent.com/charoy/citizensourcing/master/corpus/assess/day2-8140526305.jpg
0,2015-07-13T18:11:20.727169,385,"{""img"": ""https://raw.githubusercontent.com/charoy/citizensourcing/master/corpus/assess/day2-8140553176.jpg""}",30,0.0,11,0,ongoing,https://raw.githubusercontent.com/charoy/citizensourcing/master/corpus/assess/day2-8140553176.jpg
0,2015-07-13T18:11:20.732630,386,"{""img"": ""https://raw.githubusercontent.com/charoy/citizensourcing/master/corpus/assess/day2-8140913670.jpg""}",30,0.0,11,0,ongoing,https://raw.githubusercontent.com/charoy/citizensourcing/master/corpus/assess/day2-8140913670.jpg
0,2015-07-13T18:11:20.737989,387,"{""img"": ""https://raw.githubusercontent.com/charoy/citizensourcing/master/corpus/assess/day2-8141868656.jpg""}",30,0.0,11,0,ongoing,https://raw.githubusercontent.com/charoy/citizensourcing/master/corpus/assess/day2-8141868656.jpg
0,2015-07-13T18:11:20.743176,388,"{""img"": ""https://raw.githubusercontent.com/charoy/citizensourcing/master/corpus/assess/day2-8141872748.jpg""}",30,0.0,11,0,ongoing,https://raw.githubusercontent.com/charoy/citizensourcing/master/corpus/assess/day2-8141872748.jpg
0,2015-07-13T18:11:20.748632,389,"{""img"": ""https://raw.githubusercontent.com/charoy/citizensourcing/master/corpus/assess/day2-8141906722.jpg""}",30,0.0,11,0,ongoing,https://raw.githubusercontent.com/charoy/citizensourcing/master/corpus/assess/day2-8141906722.jpg
0,2015-07-13T18:11:20.754038,390,"{""img"": ""https://raw.githubusercontent.com/charoy/citizensourcing/master/corpus/assess/day2-8141912484.jpg""}",30,0.0,11,0,ongoing,https://raw.githubusercontent.com/charoy/citizensourcing/master/corpus/assess/day2-8141912484.jpg
0,2015-07-13T18:11:20.759674,391,"{""img"": ""https://raw.githubusercontent.com/charoy/citizensourcing/master/corpus/assess/day2-8141914311.jpg""}",30,0.0,11,0,ongoing,https://raw.githubusercontent.com/charoy/citizensourcing/master/corpus/assess/day2-8141914311.jpg
0,2015-07-13T18:11:20.765017,392,"{""img"": ""https://raw.githubusercontent.com/charoy/citizensourcing/master/corpus/assess/day2-8141922141.jpg""}",30,0.0,11,0,ongoing,https://raw.githubusercontent.com/charoy/citizensourcing/master/corpus/assess/day2-8141922141.jpg
0,2015-07-13T18:11:20.770524,393,"{""img"": ""https://raw.githubusercontent.com/charoy/citizensourcing/master/corpus/assess/day2-8142030213.jpg""}",30,0.0,11,0,ongoing,https://raw.githubusercontent.com/charoy/citizensourcing/master/corpus/assess/day2-8142030213.jpg
0,2015-07-13T18:11:20.775871,394,"{""img"": ""https://raw.githubusercontent.com/charoy/citizensourcing/master/corpus/assess/day2-8142033521.jpg""}",30,0.0,11,0,ongoing,https://raw.githubusercontent.com/charoy/citizensourcing/master/corpus/assess/day2-8142033521.jpg
0,2015-07-13T18:11:20.781311,395,"{""img"": ""https://raw.githubusercontent.com/charoy/citizensourcing/master/corpus/assess/day2-8142044862.jpg""}",30,0.0,11,0,ongoing,https://raw.githubusercontent.com/charoy/citizensourcing/master/corpus/assess/day2-8142044862.jpg
0,2015-07-13T18:11:20.786624,396,"{""img"": ""https://raw.githubusercontent.com/charoy/citizensourcing/master/corpus/assess/day2-8142230240.jpg""}",30,0.0,11,0,ongoing,https://raw.githubusercontent.com/charoy/citizensourcing/master/corpus/assess/day2-8142230240.jpg
0,2015-07-13T18:11:20.792006,397,"{""img"": ""https://raw.githubusercontent.com/charoy/citizensourcing/master/corpus/assess/day2-8142700306.jpg""}",30,0.0,11,0,ongoing,https://raw.githubusercontent.com/charoy/citizensourcing/master/corpus/assess/day2-8142700306.jpg
0,2015-07-13T18:11:20.797481,398,"{""img"": ""https://raw.githubusercontent.com/charoy/citizensourcing/master/corpus/assess/day2-8142969021.jpg""}",30,0.0,11,0,ongoing,https://raw.githubusercontent.com/charoy/citizensourcing/master/corpus/assess/day2-8142969021.jpg
0,2015-07-13T18:11:20.802684,399,"{""img"": ""https://raw.githubusercontent.com/charoy/citizensourcing/master/corpus/assess/day2-8143087817.jpg""}",30,0.0,11,0,ongoing,https://raw.githubusercontent.com/charoy/citizensourcing/master/corpus/assess/day2-8143087817.jpg
0,2015-07-13T18:11:20.808260,400,"{""img"": ""https://raw.githubusercontent.com/charoy/citizensourcing/master/corpus/assess/day2-8143089185.jpg""}",30,0.0,11,0,ongoing,https://raw.githubusercontent.com/charoy/citizensourcing/master/corpus/assess/day2-8143089185.jpg
0,2015-07-13T18:11:20.814568,401,"{""img"": ""https://raw.githubusercontent.com/charoy/citizensourcing/master/corpus/assess/day2-8143315690.jpg""}",30,0.0,11,0,ongoing,https://raw.githubusercontent.com/charoy/citizensourcing/master/corpus/assess/day2-8143315690.jpg
0,2015-07-13T18:11:20.819785,402,"{""img"": ""https://raw.githubusercontent.com/charoy/citizensourcing/master/corpus/assess/day2-8143317632.jpg""}",30,0.0,11,0,ongoing,https://raw.githubusercontent.com/charoy/citizensourcing/master/corpus/assess/day2-8143317632.jpg
0,2015-07-13T18:11:20.824997,403,"{""img"": ""https://raw.githubusercontent.com/charoy/citizensourcing/master/corpus/assess/day2-8143318974.jpg""}",30,0.0,11,0,ongoing,https://raw.githubusercontent.com/charoy/citizensourcing/master/corpus/assess/day2-8143318974.jpg
0,2015-07-13T18:11:20.830722,404,"{""img"": ""https://raw.githubusercontent.com/charoy/citizensourcing/master/corpus/assess/day2-8143323262.jpg""}",30,0.0,11,0,ongoing,https://raw.githubusercontent.com/charoy/citizensourcing/master/corpus/assess/day2-8143323262.jpg
0,2015-07-13T18:11:20.836239,405,"{""img"": ""https://raw.githubusercontent.com/charoy/citizensourcing/master/corpus/assess/day2-8143323670.jpg""}",30,0.0,11,0,ongoing,https://raw.githubusercontent.com/charoy/citizensourcing/master/corpus/assess/day2-8143323670.jpg
0,2015-07-13T18:11:20.841595,406,"{""img"": ""https://raw.githubusercontent.com/charoy/citizensourcing/master/corpus/assess/day2-8143399367.jpg""}",30,0.0,11,0,ongoing,https://raw.githubusercontent.com/charoy/citizensourcing/master/corpus/assess/day2-8143399367.jpg
0,2015-07-13T18:11:20.847361,407,"{""img"": ""https://raw.githubusercontent.com/charoy/citizensourcing/master/corpus/assess/day2-8143451317.jpg""}",30,0.0,11,0,ongoing,https://raw.githubusercontent.com/charoy/citizensourcing/master/corpus/assess/day2-8143451317.jpg
0,2015-07-13T18:11:20.852872,408,"{""img"": ""https://raw.githubusercontent.com/charoy/citizensourcing/master/corpus/assess/day2-8143456003.jpg""}",30,0.0,11,0,ongoing,https://raw.githubusercontent.com/charoy/citizensourcing/master/corpus/assess/day2-8143456003.jpg
0,2015-07-13T18:11:20.858021,409,"{""img"": ""https://raw.githubusercontent.com/charoy/citizensourcing/master/corpus/assess/day2-8143906716 - Copie.jpg""}",30,0.0,11,0,ongoing,https://raw.githubusercontent.com/charoy/citizensourcing/master/corpus/assess/day2-8143906716 - Copie.jpg
0,2015-07-13T18:11:20.863463,410,"{""img"": ""https://raw.githubusercontent.com/charoy/citizensourcing/master/corpus/assess/day2-8143908150 - Copie.jpg""}",30,0.0,11,0,ongoing,https://raw.githubusercontent.com/charoy/citizensourcing/master/corpus/assess/day2-8143908150 - Copie.jpg
0,2015-07-13T18:11:20.868779,411,"{""img"": ""https://raw.githubusercontent.com/charoy/citizensourcing/master/corpus/assess/day2-8143909566 - Copie.jpg""}",30,0.0,11,0,ongoing,https://raw.githubusercontent.com/charoy/citizensourcing/master/corpus/assess/day2-8143909566 - Copie.jpg
0,2015-07-13T18:11:20.874355,412,"{""img"": ""https://raw.githubusercontent.com/charoy/citizensourcing/master/corpus/assess/day2-8144582564 - Copie.jpg""}",30,0.0,11,0,ongoing,https://raw.githubusercontent.com/charoy/citizensourcing/master/corpus/assess/day2-8144582564 - Copie.jpg
0,2015-07-13T18:11:20.879553,413,"{""img"": ""https://raw.githubusercontent.com/charoy/citizensourcing/master/corpus/assess/day2-8147845417.jpg""}",30,0.0,11,0,ongoing,https://raw.githubusercontent.com/charoy/citizensourcing/master/corpus/assess/day2-8147845417.jpg
0,2015-07-13T18:11:20.884776,414,"{""img"": ""https://raw.githubusercontent.com/charoy/citizensourcing/master/corpus/assess/day2-8147846911.jpg""}",30,0.0,11,0,ongoing,https://raw.githubusercontent.com/charoy/citizensourcing/master/corpus/assess/day2-8147846911.jpg
0,2015-07-13T18:11:20.890209,415,"{""img"": ""https://raw.githubusercontent.com/charoy/citizensourcing/master/corpus/assess/day2-8147857597.jpg""}",30,0.0,11,0,ongoing,https://raw.githubusercontent.com/charoy/citizensourcing/master/corpus/assess/day2-8147857597.jpg
0,2015-07-13T18:11:20.895536,416,"{""img"": ""https://raw.githubusercontent.com/charoy/citizensourcing/master/corpus/assess/day2-8147877830.jpg""}",30,0.0,11,0,ongoing,https://raw.githubusercontent.com/charoy/citizensourcing/master/corpus/assess/day2-8147877830.jpg
0,2015-07-13T18:11:20.900750,417,"{""img"": ""https://raw.githubusercontent.com/charoy/citizensourcing/master/corpus/assess/day2-8148531538.jpg""}",30,0.0,11,0,ongoing,https://raw.githubusercontent.com/charoy/citizensourcing/master/corpus/assess/day2-8148531538.jpg
0,2015-07-13T18:11:20.906155,418,"{""img"": ""https://raw.githubusercontent.com/charoy/citizensourcing/master/corpus/assess/day2-8148531924.jpg""}",30,0.0,11,0,ongoing,https://raw.githubusercontent.com/charoy/citizensourcing/master/corpus/assess/day2-8148531924.jpg
0,2015-07-13T18:11:20.912036,419,"{""img"": ""https://raw.githubusercontent.com/charoy/citizensourcing/master/corpus/assess/day2-8148532316.jpg""}",30,0.0,11,0,ongoing,https://raw.githubusercontent.com/charoy/citizensourcing/master/corpus/assess/day2-8148532316.jpg
0,2015-07-13T18:11:20.917588,420,"{""img"": ""https://raw.githubusercontent.com/charoy/citizensourcing/master/corpus/assess/day2-8148581431.jpg""}",30,0.0,11,0,ongoing,https://raw.githubusercontent.com/charoy/citizensourcing/master/corpus/assess/day2-8148581431.jpg
0,2015-07-13T18:11:20.923083,421,"{""img"": ""https://raw.githubusercontent.com/charoy/citizensourcing/master/corpus/assess/day2-8148606834.jpg""}",30,0.0,11,0,ongoing,https://raw.githubusercontent.com/charoy/citizensourcing/master/corpus/assess/day2-8148606834.jpg
0,2015-07-13T18:11:20.928516,422,"{""img"": ""https://raw.githubusercontent.com/charoy/citizensourcing/master/corpus/assess/day2-8148611192.jpg""}",30,0.0,11,0,ongoing,https://raw.githubusercontent.com/charoy/citizensourcing/master/corpus/assess/day2-8148611192.jpg
0,2015-07-13T18:11:20.934176,423,"{""img"": ""https://raw.githubusercontent.com/charoy/citizensourcing/master/corpus/assess/day2-8148709809.jpg""}",30,0.0,11,0,ongoing,https://raw.githubusercontent.com/charoy/citizensourcing/master/corpus/assess/day2-8148709809.jpg
0,2015-07-13T18:11:20.939520,424,"{""img"": ""https://raw.githubusercontent.com/charoy/citizensourcing/master/corpus/assess/day2-8148801634.jpg""}",30,0.0,11,0,ongoing,https://raw.githubusercontent.com/charoy/citizensourcing/master/corpus/assess/day2-8148801634.jpg
0,2015-07-13T18:11:20.945174,425,"{""img"": ""https://raw.githubusercontent.com/charoy/citizensourcing/master/corpus/assess/day2-8148802818.jpg""}",30,0.0,11,0,ongoing,https://raw.githubusercontent.com/charoy/citizensourcing/master/corpus/assess/day2-8148802818.jpg
0,2015-07-13T18:11:20.950911,426,"{""img"": ""https://raw.githubusercontent.com/charoy/citizensourcing/master/corpus/assess/day2-8149360775.jpg""}",30,0.0,11,0,ongoing,https://raw.githubusercontent.com/charoy/citizensourcing/master/corpus/assess/day2-8149360775.jpg
0,2015-07-13T18:11:20.956821,427,"{""img"": ""https://raw.githubusercontent.com/charoy/citizensourcing/master/corpus/assess/day2-8151055270.jpg""}",30,0.0,11,0,ongoing,https://raw.githubusercontent.com/charoy/citizensourcing/master/corpus/assess/day2-8151055270.jpg
0,2015-07-13T18:11:20.962140,428,"{""img"": ""https://raw.githubusercontent.com/charoy/citizensourcing/master/corpus/assess/day2-8151057850.jpg""}",30,0.0,11,0,ongoing,https://raw.githubusercontent.com/charoy/citizensourcing/master/corpus/assess/day2-8151057850.jpg
0,2015-07-13T18:11:20.967215,429,"{""img"": ""https://raw.githubusercontent.com/charoy/citizensourcing/master/corpus/assess/day2-8151059232.jpg""}",30,0.0,11,0,ongoing,https://raw.githubusercontent.com/charoy/citizensourcing/master/corpus/assess/day2-8151059232.jpg
0,2015-07-13T18:11:20.973036,430,"{""img"": ""https://raw.githubusercontent.com/charoy/citizensourcing/master/corpus/assess/day2-8151060104.jpg""}",30,0.0,11,0,ongoing,https://raw.githubusercontent.com/charoy/citizensourcing/master/corpus/assess/day2-8151060104.jpg
0,2015-07-13T18:11:20.978457,431,"{""img"": ""https://raw.githubusercontent.com/charoy/citizensourcing/master/corpus/assess/day2-8151219903.jpg""}",30,0.0,11,0,ongoing,https://raw.githubusercontent.com/charoy/citizensourcing/master/corpus/assess/day2-8151219903.jpg
0,2015-07-13T18:11:20.983477,432,"{""img"": ""https://raw.githubusercontent.com/charoy/citizensourcing/master/corpus/assess/day2-8152550833.jpg""}",30,0.0,11,0,ongoing,https://raw.githubusercontent.com/charoy/citizensourcing/master/corpus/assess/day2-8152550833.jpg
0,2015-07-13T18:11:20.989216,433,"{""img"": ""https://raw.githubusercontent.com/charoy/citizensourcing/master/corpus/assess/day2-8152551727.jpg""}",30,0.0,11,0,ongoing,https://raw.githubusercontent.com/charoy/citizensourcing/master/corpus/assess/day2-8152551727.jpg
0,2015-07-13T18:11:20.994647,434,"{""img"": ""https://raw.githubusercontent.com/charoy/citizensourcing/master/corpus/assess/day2-8152568162.jpg""}",30,0.0,11,0,ongoing,https://raw.githubusercontent.com/charoy/citizensourcing/master/corpus/assess/day2-8152568162.jpg
0,2015-07-13T18:11:20.999985,435,"{""img"": ""https://raw.githubusercontent.com/charoy/citizensourcing/master/corpus/assess/day2-8152773857.jpg""}",30,0.0,11,0,ongoing,https://raw.githubusercontent.com/charoy/citizensourcing/master/corpus/assess/day2-8152773857.jpg
0,2015-07-13T18:11:21.005320,436,"{""img"": ""https://raw.githubusercontent.com/charoy/citizensourcing/master/corpus/assess/day2-8152796740.jpg""}",30,0.0,11,0,ongoing,https://raw.githubusercontent.com/charoy/citizensourcing/master/corpus/assess/day2-8152796740.jpg
0,2015-07-13T18:11:21.010628,437,"{""img"": ""https://raw.githubusercontent.com/charoy/citizensourcing/master/corpus/assess/day2-8152799068.jpg""}",30,0.0,11,0,ongoing,https://raw.githubusercontent.com/charoy/citizensourcing/master/corpus/assess/day2-8152799068.jpg
0,2015-07-13T18:11:21.016084,438,"{""img"": ""https://raw.githubusercontent.com/charoy/citizensourcing/master/corpus/assess/day2-8152883455.jpg""}",30,0.0,11,0,ongoing,https://raw.githubusercontent.com/charoy/citizensourcing/master/corpus/assess/day2-8152883455.jpg
0,2015-07-13T18:11:21.021445,439,"{""img"": ""https://raw.githubusercontent.com/charoy/citizensourcing/master/corpus/assess/day2-8152883857.jpg""}",30,0.0,11,0,ongoing,https://raw.githubusercontent.com/charoy/citizensourcing/master/corpus/assess/day2-8152883857.jpg
0,2015-07-13T18:11:21.026939,440,"{""img"": ""https://raw.githubusercontent.com/charoy/citizensourcing/master/corpus/assess/day2-8152906542.jpg""}",30,0.0,11,0,ongoing,https://raw.githubusercontent.com/charoy/citizensourcing/master/corpus/assess/day2-8152906542.jpg
0,2015-07-13T18:11:21.032110,441,"{""img"": ""https://raw.githubusercontent.com/charoy/citizensourcing/master/corpus/assess/day2-8154678412.jpg""}",30,0.0,11,0,ongoing,https://raw.githubusercontent.com/charoy/citizensourcing/master/corpus/assess/day2-8154678412.jpg
0,2015-07-13T18:11:21.037418,442,"{""img"": ""https://raw.githubusercontent.com/charoy/citizensourcing/master/corpus/assess/day2-8154680438.jpg""}",30,0.0,11,0,ongoing,https://raw.githubusercontent.com/charoy/citizensourcing/master/corpus/assess/day2-8154680438.jpg
0,2015-07-13T18:11:21.042707,443,"{""img"": ""https://raw.githubusercontent.com/charoy/citizensourcing/master/corpus/assess/day2-8159747872.jpg""}",30,0.0,11,0,ongoing,https://raw.githubusercontent.com/charoy/citizensourcing/master/corpus/assess/day2-8159747872.jpg
0,2015-07-13T18:11:21.047968,444,"{""img"": ""https://raw.githubusercontent.com/charoy/citizensourcing/master/corpus/assess/day2-8159749306.jpg""}",30,0.0,11,0,ongoing,https://raw.githubusercontent.com/charoy/citizensourcing/master/corpus/assess/day2-8159749306.jpg
0,2015-07-13T18:11:21.054413,445,"{""img"": ""https://raw.githubusercontent.com/charoy/citizensourcing/master/corpus/assess/day2-8159770535.jpg""}",30,0.0,11,0,ongoing,https://raw.githubusercontent.com/charoy/citizensourcing/master/corpus/assess/day2-8159770535.jpg
0,2015-07-13T18:11:21.059614,446,"{""img"": ""https://raw.githubusercontent.com/charoy/citizensourcing/master/corpus/assess/day2-8159773787.jpg""}",30,0.0,11,0,ongoing,https://raw.githubusercontent.com/charoy/citizensourcing/master/corpus/assess/day2-8159773787.jpg
0,2015-07-13T18:11:21.064853,447,"{""img"": ""https://raw.githubusercontent.com/charoy/citizensourcing/master/corpus/assess/day2-8160053387.jpg""}",30,0.0,11,0,ongoing,https://raw.githubusercontent.com/charoy/citizensourcing/master/corpus/assess/day2-8160053387.jpg
0,2015-07-13T18:11:21.070036,448,"{""img"": ""https://raw.githubusercontent.com/charoy/citizensourcing/master/corpus/assess/day2-8162270663.jpg""}",30,0.0,11,0,ongoing,https://raw.githubusercontent.com/charoy/citizensourcing/master/corpus/assess/day2-8162270663.jpg
0,2015-07-13T18:11:21.075623,449,"{""img"": ""https://raw.githubusercontent.com/charoy/citizensourcing/master/corpus/assess/day2-8162278477.jpg""}",30,0.0,11,0,ongoing,https://raw.githubusercontent.com/charoy/citizensourcing/master/corpus/assess/day2-8162278477.jpg
0,2015-07-13T18:11:21.080901,450,"{""img"": ""https://raw.githubusercontent.com/charoy/citizensourcing/master/corpus/assess/day2-8162323473.jpg""}",30,0.0,11,0,ongoing,https://raw.githubusercontent.com/charoy/citizensourcing/master/corpus/assess/day2-8162323473.jpg
0,2015-07-13T18:11:21.086058,451,"{""img"": ""https://raw.githubusercontent.com/charoy/citizensourcing/master/corpus/assess/day2-8162345784.jpg""}",30,0.0,11,0,ongoing,https://raw.githubusercontent.com/charoy/citizensourcing/master/corpus/assess/day2-8162345784.jpg
0,2015-07-13T18:11:21.091230,452,"{""img"": ""https://raw.githubusercontent.com/charoy/citizensourcing/master/corpus/assess/day2-8162403640.jpg""}",30,0.0,11,0,ongoing,https://raw.githubusercontent.com/charoy/citizensourcing/master/corpus/assess/day2-8162403640.jpg
0,2015-07-13T18:11:21.096470,453,"{""img"": ""https://raw.githubusercontent.com/charoy/citizensourcing/master/corpus/assess/day2-8162418611.jpg""}",30,0.0,11,0,ongoing,https://raw.githubusercontent.com/charoy/citizensourcing/master/corpus/assess/day2-8162418611.jpg
0,2015-07-13T18:11:21.102033,454,"{""img"": ""https://raw.githubusercontent.com/charoy/citizensourcing/master/corpus/assess/day2-8162421215.jpg""}",30,0.0,11,0,ongoing,https://raw.githubusercontent.com/charoy/citizensourcing/master/corpus/assess/day2-8162421215.jpg
0,2015-07-13T18:11:21.107287,455,"{""img"": ""https://raw.githubusercontent.com/charoy/citizensourcing/master/corpus/assess/day2-8162470387.jpg""}",30,0.0,11,0,ongoing,https://raw.githubusercontent.com/charoy/citizensourcing/master/corpus/assess/day2-8162470387.jpg
0,2015-07-13T18:11:21.112591,456,"{""img"": ""https://raw.githubusercontent.com/charoy/citizensourcing/master/corpus/assess/day2-8162483082.jpg""}",30,0.0,11,0,ongoing,https://raw.githubusercontent.com/charoy/citizensourcing/master/corpus/assess/day2-8162483082.jpg
0,2015-07-13T18:11:21.118061,457,"{""img"": ""https://raw.githubusercontent.com/charoy/citizensourcing/master/corpus/assess/day2-8168751289.jpg""}",30,0.0,11,0,ongoing,https://raw.githubusercontent.com/charoy/citizensourcing/master/corpus/assess/day2-8168751289.jpg
0,2015-07-13T18:11:21.123494,458,"{""img"": ""https://raw.githubusercontent.com/charoy/citizensourcing/master/corpus/assess/day2-8168752127.jpg""}",30,0.0,11,0,ongoing,https://raw.githubusercontent.com/charoy/citizensourcing/master/corpus/assess/day2-8168752127.jpg
0,2015-07-13T18:11:21.128872,459,"{""img"": ""https://raw.githubusercontent.com/charoy/citizensourcing/master/corpus/assess/day2-8168782874.jpg""}",30,0.0,11,0,ongoing,https://raw.githubusercontent.com/charoy/citizensourcing/master/corpus/assess/day2-8168782874.jpg
0,2015-07-13T18:11:21.134145,460,"{""img"": ""https://raw.githubusercontent.com/charoy/citizensourcing/master/corpus/assess/day2-8168784600.jpg""}",30,0.0,11,0,ongoing,https://raw.githubusercontent.com/charoy/citizensourcing/master/corpus/assess/day2-8168784600.jpg
0,2015-07-13T18:11:21.139927,461,"{""img"": ""https://raw.githubusercontent.com/charoy/citizensourcing/master/corpus/assess/day2-8168784910.jpg""}",30,0.0,11,0,ongoing,https://raw.githubusercontent.com/charoy/citizensourcing/master/corpus/assess/day2-8168784910.jpg
0,2015-07-13T18:11:21.145502,462,"{""img"": ""https://raw.githubusercontent.com/charoy/citizensourcing/master/corpus/assess/day2-8184129539.jpg""}",30,0.0,11,0,ongoing,https://raw.githubusercontent.com/charoy/citizensourcing/master/corpus/assess/day2-8184129539.jpg
0,2015-07-13T18:11:21.150657,463,"{""img"": ""https://raw.githubusercontent.com/charoy/citizensourcing/master/corpus/assess/day2-8184133819.jpg""}",30,0.0,11,0,ongoing,https://raw.githubusercontent.com/charoy/citizensourcing/master/corpus/assess/day2-8184133819.jpg
0,2015-07-13T18:11:21.156002,464,"{""img"": ""https://raw.githubusercontent.com/charoy/citizensourcing/master/corpus/assess/day2-8184136065.jpg""}",30,0.0,11,0,ongoing,https://raw.githubusercontent.com/charoy/citizensourcing/master/corpus/assess/day2-8184136065.jpg
0,2015-07-13T18:11:21.161265,465,"{""img"": ""https://raw.githubusercontent.com/charoy/citizensourcing/master/corpus/assess/day2-8184146877.jpg""}",30,0.0,11,0,ongoing,https://raw.githubusercontent.com/charoy/citizensourcing/master/corpus/assess/day2-8184146877.jpg
0,2015-07-13T18:11:21.166374,466,"{""img"": ""https://raw.githubusercontent.com/charoy/citizensourcing/master/corpus/assess/day2-8184149023.jpg""}",30,0.0,11,0,ongoing,https://raw.githubusercontent.com/charoy/citizensourcing/master/corpus/assess/day2-8184149023.jpg
0,2015-07-13T18:11:21.171958,467,"{""img"": ""https://raw.githubusercontent.com/charoy/citizensourcing/master/corpus/assess/day2-8184168048.jpg""}",30,0.0,11,0,ongoing,https://raw.githubusercontent.com/charoy/citizensourcing/master/corpus/assess/day2-8184168048.jpg
0,2015-07-13T18:11:21.177479,468,"{""img"": ""https://raw.githubusercontent.com/charoy/citizensourcing/master/corpus/assess/day2-8184168818.jpg""}",30,0.0,11,0,ongoing,https://raw.githubusercontent.com/charoy/citizensourcing/master/corpus/assess/day2-8184168818.jpg
0,2015-07-13T18:11:21.183061,469,"{""img"": ""https://raw.githubusercontent.com/charoy/citizensourcing/master/corpus/assess/day2-8184184716.jpg""}",30,0.0,11,0,ongoing,https://raw.githubusercontent.com/charoy/citizensourcing/master/corpus/assess/day2-8184184716.jpg
0,2015-07-13T18:11:21.188548,470,"{""img"": ""https://raw.githubusercontent.com/charoy/citizensourcing/master/corpus/assess/day2-8184185376.jpg""}",30,0.0,11,0,ongoing,https://raw.githubusercontent.com/charoy/citizensourcing/master/corpus/assess/day2-8184185376.jpg
0,2015-07-13T18:11:21.193909,471,"{""img"": ""https://raw.githubusercontent.com/charoy/citizensourcing/master/corpus/assess/day2-8184185608.jpg""}",30,0.0,11,0,ongoing,https://raw.githubusercontent.com/charoy/citizensourcing/master/corpus/assess/day2-8184185608.jpg
0,2015-07-13T18:11:21.200228,472,"{""img"": ""https://raw.githubusercontent.com/charoy/citizensourcing/master/corpus/assess/day2-8199767454.jpg""}",30,0.0,11,0,ongoing,https://raw.githubusercontent.com/charoy/citizensourcing/master/corpus/assess/day2-8199767454.jpg
0,2015-07-13T18:11:21.205759,473,"{""img"": ""https://raw.githubusercontent.com/charoy/citizensourcing/master/corpus/assess/day2-8285933752.jpg""}",30,0.0,11,0,ongoing,https://raw.githubusercontent.com/charoy/citizensourcing/master/corpus/assess/day2-8285933752.jpg
0,2015-07-13T18:11:21.211234,474,"{""img"": ""https://raw.githubusercontent.com/charoy/citizensourcing/master/corpus/assess/day3-8142902277.jpg""}",30,0.0,11,0,ongoing,https://raw.githubusercontent.com/charoy/citizensourcing/master/corpus/assess/day3-8142902277.jpg
0,2015-07-13T18:11:21.216809,475,"{""img"": ""https://raw.githubusercontent.com/charoy/citizensourcing/master/corpus/assess/day3-8142912659.jpg""}",30,0.0,11,0,ongoing,https://raw.githubusercontent.com/charoy/citizensourcing/master/corpus/assess/day3-8142912659.jpg
0,2015-07-13T18:11:21.222313,476,"{""img"": ""https://raw.githubusercontent.com/charoy/citizensourcing/master/corpus/assess/day3-8142924872.jpg""}",30,0.0,11,0,ongoing,https://raw.githubusercontent.com/charoy/citizensourcing/master/corpus/assess/day3-8142924872.jpg
0,2015-07-13T18:11:21.227867,477,"{""img"": ""https://raw.githubusercontent.com/charoy/citizensourcing/master/corpus/assess/day3-8142929998.jpg""}",30,0.0,11,0,ongoing,https://raw.githubusercontent.com/charoy/citizensourcing/master/corpus/assess/day3-8142929998.jpg
0,2015-07-13T18:11:21.233635,478,"{""img"": ""https://raw.githubusercontent.com/charoy/citizensourcing/master/corpus/assess/day3-8142933378.jpg""}",30,0.0,11,0,ongoing,https://raw.githubusercontent.com/charoy/citizensourcing/master/corpus/assess/day3-8142933378.jpg
0,2015-07-13T18:11:21.239115,479,"{""img"": ""https://raw.githubusercontent.com/charoy/citizensourcing/master/corpus/assess/day3-8143116159.jpg""}",30,0.0,11,0,ongoing,https://raw.githubusercontent.com/charoy/citizensourcing/master/corpus/assess/day3-8143116159.jpg
0,2015-07-13T18:11:21.244566,480,"{""img"": ""https://raw.githubusercontent.com/charoy/citizensourcing/master/corpus/assess/day3-8143258345.jpg""}",30,0.0,11,0,ongoing,https://raw.githubusercontent.com/charoy/citizensourcing/master/corpus/assess/day3-8143258345.jpg
0,2015-07-13T18:11:21.249906,481,"{""img"": ""https://raw.githubusercontent.com/charoy/citizensourcing/master/corpus/assess/day3-8143376220.jpg""}",30,0.0,11,0,ongoing,https://raw.githubusercontent.com/charoy/citizensourcing/master/corpus/assess/day3-8143376220.jpg
0,2015-07-13T18:11:21.255478,482,"{""img"": ""https://raw.githubusercontent.com/charoy/citizensourcing/master/corpus/assess/day3-8143711555.jpg""}",30,0.0,11,0,ongoing,https://raw.githubusercontent.com/charoy/citizensourcing/master/corpus/assess/day3-8143711555.jpg
0,2015-07-13T18:11:21.261204,483,"{""img"": ""https://raw.githubusercontent.com/charoy/citizensourcing/master/corpus/assess/day3-8143713041.jpg""}",30,0.0,11,0,ongoing,https://raw.githubusercontent.com/charoy/citizensourcing/master/corpus/assess/day3-8143713041.jpg
0,2015-07-13T18:11:21.266563,484,"{""img"": ""https://raw.githubusercontent.com/charoy/citizensourcing/master/corpus/assess/day3-8143754148.jpg""}",30,0.0,11,0,ongoing,https://raw.githubusercontent.com/charoy/citizensourcing/master/corpus/assess/day3-8143754148.jpg
0,2015-07-13T18:11:21.271932,485,"{""img"": ""https://raw.githubusercontent.com/charoy/citizensourcing/master/corpus/assess/day3-8145998112.jpg""}",30,0.0,11,0,ongoing,https://raw.githubusercontent.com/charoy/citizensourcing/master/corpus/assess/day3-8145998112.jpg
0,2015-07-13T18:11:21.277482,486,"{""img"": ""https://raw.githubusercontent.com/charoy/citizensourcing/master/corpus/assess/day3-8149561980.jpg""}",30,0.0,11,0,ongoing,https://raw.githubusercontent.com/charoy/citizensourcing/master/corpus/assess/day3-8149561980.jpg
0,2015-07-13T18:11:21.282812,487,"{""img"": ""https://raw.githubusercontent.com/charoy/citizensourcing/master/corpus/assess/day3-8150465917.jpg""}",30,0.0,11,0,ongoing,https://raw.githubusercontent.com/charoy/citizensourcing/master/corpus/assess/day3-8150465917.jpg
0,2015-07-13T18:11:21.288109,488,"{""img"": ""https://raw.githubusercontent.com/charoy/citizensourcing/master/corpus/assess/day3-8152485642.jpg""}",30,0.0,11,0,ongoing,https://raw.githubusercontent.com/charoy/citizensourcing/master/corpus/assess/day3-8152485642.jpg
0,2015-07-13T18:11:21.293958,489,"{""img"": ""https://raw.githubusercontent.com/charoy/citizensourcing/master/corpus/assess/day3-8159776317.jpg""}",30,0.0,11,0,ongoing,https://raw.githubusercontent.com/charoy/citizensourcing/master/corpus/assess/day3-8159776317.jpg
0,2015-07-13T18:11:21.299305,490,"{""img"": ""https://raw.githubusercontent.com/charoy/citizensourcing/master/corpus/assess/day3-8171031826.jpg""}",30,0.0,11,0,ongoing,https://raw.githubusercontent.com/charoy/citizensourcing/master/corpus/assess/day3-8171031826.jpg
0,2015-07-13T18:11:21.304715,491,"{""img"": ""https://raw.githubusercontent.com/charoy/citizensourcing/master/corpus/assess/day3-8172547383.jpg""}",30,0.0,11,0,ongoing,https://raw.githubusercontent.com/charoy/citizensourcing/master/corpus/assess/day3-8172547383.jpg
0,2015-07-13T18:11:21.310222,492,"{""img"": ""https://raw.githubusercontent.com/charoy/citizensourcing/master/corpus/assess/day3-8179889407.jpg""}",30,0.0,11,0,ongoing,https://raw.githubusercontent.com/charoy/citizensourcing/master/corpus/assess/day3-8179889407.jpg
0,2015-07-13T18:11:21.315465,493,"{""img"": ""https://raw.githubusercontent.com/charoy/citizensourcing/master/corpus/assess/day3-8219612382.jpg""}",30,0.0,11,0,ongoing,https://raw.githubusercontent.com/charoy/citizensourcing/master/corpus/assess/day3-8219612382.jpg
0,2015-07-13T18:11:21.320822,494,"{""img"": ""https://raw.githubusercontent.com/charoy/citizensourcing/master/corpus/assess/day4-15473555389.jpg""}",30,0.0,11,0,ongoing,https://raw.githubusercontent.com/charoy/citizensourcing/master/corpus/assess/day4-15473555389.jpg
0,2015-07-13T18:11:21.326370,495,"{""img"": ""https://raw.githubusercontent.com/charoy/citizensourcing/master/corpus/assess/day4-15474042148.jpg""}",30,0.0,11,0,ongoing,https://raw.githubusercontent.com/charoy/citizensourcing/master/corpus/assess/day4-15474042148.jpg
0,2015-07-13T18:11:21.331773,496,"{""img"": ""https://raw.githubusercontent.com/charoy/citizensourcing/master/corpus/assess/day4-15474045838.jpg""}",30,0.0,11,0,ongoing,https://raw.githubusercontent.com/charoy/citizensourcing/master/corpus/assess/day4-15474045838.jpg
0,2015-07-13T18:11:21.337152,497,"{""img"": ""https://raw.githubusercontent.com/charoy/citizensourcing/master/corpus/assess/day4-15474619380.jpg""}",30,0.0,11,0,ongoing,https://raw.githubusercontent.com/charoy/citizensourcing/master/corpus/assess/day4-15474619380.jpg
0,2015-07-13T18:11:21.342841,498,"{""img"": ""https://raw.githubusercontent.com/charoy/citizensourcing/master/corpus/assess/day4-8146266139.jpg""}",30,0.0,11,0,ongoing,https://raw.githubusercontent.com/charoy/citizensourcing/master/corpus/assess/day4-8146266139.jpg
0,2015-07-13T18:11:21.348556,499,"{""img"": ""https://raw.githubusercontent.com/charoy/citizensourcing/master/corpus/assess/day4-8148813905.jpg""}",30,0.0,11,0,ongoing,https://raw.githubusercontent.com/charoy/citizensourcing/master/corpus/assess/day4-8148813905.jpg
0,2015-07-13T18:11:21.354015,500,"{""img"": ""https://raw.githubusercontent.com/charoy/citizensourcing/master/corpus/assess/day5-8148876743.jpg""}",30,0.0,11,0,ongoing,https://raw.githubusercontent.com/charoy/citizensourcing/master/corpus/assess/day5-8148876743.jpg
0,2015-07-13T18:11:21.359268,501,"{""img"": ""https://raw.githubusercontent.com/charoy/citizensourcing/master/corpus/assess/day5-8149589411.jpg""}",30,0.0,11,0,ongoing,https://raw.githubusercontent.com/charoy/citizensourcing/master/corpus/assess/day5-8149589411.jpg
0,2015-07-13T18:11:21.364566,502,"{""img"": ""https://raw.githubusercontent.com/charoy/citizensourcing/master/corpus/assess/day5-8149590327.jpg""}",30,0.0,11,0,ongoing,https://raw.githubusercontent.com/charoy/citizensourcing/master/corpus/assess/day5-8149590327.jpg
0,2015-07-13T18:11:21.370163,503,"{""img"": ""https://raw.githubusercontent.com/charoy/citizensourcing/master/corpus/assess/day5-8159192869.jpg""}",30,0.0,11,0,ongoing,https://raw.githubusercontent.com/charoy/citizensourcing/master/corpus/assess/day5-8159192869.jpg
0,2015-07-13T18:11:21.375467,504,"{""img"": ""https://raw.githubusercontent.com/charoy/citizensourcing/master/corpus/assess/day5-8159896591.jpg""}",30,0.0,11,0,ongoing,https://raw.githubusercontent.com/charoy/citizensourcing/master/corpus/assess/day5-8159896591.jpg
0,2015-07-13T18:11:21.380766,505,"{""img"": ""https://raw.githubusercontent.com/charoy/citizensourcing/master/corpus/assess/day5-8159911956.jpg""}",30,0.0,11,0,ongoing,https://raw.githubusercontent.com/charoy/citizensourcing/master/corpus/assess/day5-8159911956.jpg
